[{"model": "db.member", "pk": 1, "fields": {"name": "Example person name", "role": null, "url": "http://example.com/the/path/to/member/web/site", "political_party": "example political party"}}, {"model": "db.member", "pk": 2, "fields": {"name": "Example person name", "role": null, "url": "http://example.com/the/path/to/member/web/site", "political_party": "example political party"}}, {"model": "db.member", "pk": 3, "fields": {"name": "Example person name", "role": null, "url": "http://example.com/the/path/to/member/web/site", "political_party": "example political party"}}, {"model": "db.member", "pk": 4, "fields": {"name": "Example person name", "role": null, "url": "http://example.com/the/path/to/member/web/site", "political_party": "example political party"}}, {"model": "db.member", "pk": 5, "fields": {"name": "Example person name", "role": null, "url": "http://example.com/the/path/to/member/web/site", "political_party": "example political party"}}, {"model": "db.member", "pk": 6, "fields": {"name": "Example person name", "role": null, "url": "http://example.com/the/path/to/member/web/site", "political_party": null}}, {"model": "db.member", "pk": 7, "fields": {"name": "Example person name", "role": "example role", "url": "http://example.com/the/path/to/member/web/site", "political_party": null}}, {"model": "db.member", "pk": 8, "fields": {"name": "Example person name", "role": "example role", "url": "http://example.com/the/path/to/member/web/site", "political_party": null}}, {"model": "db.member", "pk": 9, "fields": {"name": "Example person name", "role": "example role", "url": "http://example.com/the/path/to/member/web/site", "political_party": null}}, {"model": "db.member", "pk": 10, "fields": {"name": "Example person name", "role": "example role", "url": "http://example.com/the/path/to/member/web/site", "political_party": null}}, {"model": "db.member", "pk": 11, "fields": {"name": "Example person name", "role": "example role", "url": "http://example.com/the/path/to/member/web/site", "political_party": null}}, {"model": "db.member", "pk": 12, "fields": {"name": "Example person name", "role": "example role", "url": "http://example.com/the/path/to/member/web/site", "political_party": null}}, {"model": "db.body", "pk": 1, "fields": {"name": "Bristol City Council (Dundry View Neighbourhood Partnership)", "location": null, "url": null, "lat": "0E-15", "lng": "0E-15"}}, {"model": "db.body", "pk": 2, "fields": {"name": "Bristol City Council (Henbury, Brentry and Southmead Neighbourhood Partnership)", "location": null, "url": null, "lat": "0E-15", "lng": "0E-15"}}, {"model": "db.body", "pk": 3, "fields": {"name": "Bristol City Council (Greater Bedminster Community Partnership)", "location": null, "url": null, "lat": "0E-15", "lng": "0E-15"}}, {"model": "db.body", "pk": 4, "fields": {"name": "Bristol City Council (Growth and Regeneration Scrutiny Commission)", "location": null, "url": null, "lat": "0E-15", "lng": "0E-15"}}, {"model": "db.body", "pk": 5, "fields": {"name": "Bristol City Council (Resources Scrutiny Commission)", "location": null, "url": null, "lat": "0E-15", "lng": "0E-15"}}, {"model": "db.body", "pk": 6, "fields": {"name": "Bristol City Council (Communities Scrutiny Commission)", "location": null, "url": null, "lat": "0E-15", "lng": "0E-15"}}, {"model": "db.body", "pk": 7, "fields": {"name": "Bristol City Council", "location": null, "url": null, "lat": "0E-15", "lng": "0E-15"}}, {"model": "db.body", "pk": 8, "fields": {"name": "Greater London Assembly", "location": null, "url": null, "lat": "0E-15", "lng": "0E-15"}}, {"model": "db.body", "pk": 9, "fields": {"name": "Unknown body", "location": null, "url": null, "lat": "0E-15", "lng": "0E-15"}}, {"model": "db.scrape", "pk": 1, "fields": {"datetime": "2020-05-15T12:54:17.866Z"}}, {"model": "db.scrape", "pk": 2, "fields": {"datetime": "2020-05-15T12:54:18.147Z"}}, {"model": "db.scrape", "pk": 3, "fields": {"datetime": "2020-05-15T12:54:38.109Z"}}, {"model": "db.scrape", "pk": 4, "fields": {"datetime": "2020-05-15T12:56:43.395Z"}}, {"model": "db.scrape", "pk": 5, "fields": {"datetime": "2020-05-15T12:57:23.906Z"}}, {"model": "db.scrape", "pk": 6, "fields": {"datetime": "2020-05-15T12:58:18.190Z"}}, {"model": "db.declaration", "pk": 1, "fields": {"scrape": 1, "member": 1, "body_received_by": 1, "declared_date": [null], "source": "http://example.com/the/path/to/source", "fetched": "2020-05-15T11:51:20.949Z", "category": "positions", "description": "Example description of the declaration made", "donor": null, "interest_date": "2020-06-08", "notes": null}}, {"model": "db.declaration", "pk": 2, "fields": {"scrape": 1, "member": 2, "body_received_by": 2, "declared_date": [null], "source": "http://example.com/the/path/to/source", "fetched": "2020-05-15T11:51:21.056Z", "category": "positions", "description": "Example description of the declaration made", "donor": null, "interest_date": "2020-06-08", "notes": null}}, {"model": "db.declaration", "pk": 3, "fields": {"scrape": 1, "member": 3, "body_received_by": 3, "declared_date": [null], "source": "http://example.com/the/path/to/source", "fetched": "2020-05-15T11:51:21.096Z", "category": "positions", "description": "Example description of the declaration made", "donor": null, "interest_date": "2020-06-08", "notes": null}}, {"model": "db.declaration", "pk": 4, "fields": {"scrape": 1, "member": 4, "body_received_by": 4, "declared_date": [null], "source": "http://example.com/the/path/to/source", "fetched": "2020-05-15T11:51:21.139Z", "category": "positions", "description": "Example description of the declaration made", "donor": null, "interest_date": "2020-06-08", "notes": null}}, {"model": "db.declaration", "pk": 5, "fields": {"scrape": 1, "member": 5, "body_received_by": 4, "declared_date": [null], "source": "http://example.com/the/path/to/source", "fetched": "2020-05-15T11:51:21.176Z", "category": "positions", "description": "Example description of the declaration made", "donor": null, "interest_date": "2020-06-08", "notes": null}}, {"model": "db.declaration", "pk": 6, "fields": {"scrape": 1, "member": 6, "body_received_by": 5, "declared_date": [null], "source": "http://example.com/the/path/to/source", "fetched": "2020-05-15T11:51:21.214Z", "category": "positions", "description": "Example description of the declaration made", "donor": null, "interest_date": "2020-06-08", "notes": null}}, {"model": "db.declaration", "pk": 7, "fields": {"scrape": 1, "member": 7, "body_received_by": 6, "declared_date": ["2017-04-24"], "source": "http://example.com/the/path/to/source", "fetched": "2020-05-15T11:51:21.257Z", "category": "positions", "description": "Example description of the declaration made", "donor": null, "interest_date": "2020-06-08", "notes": null}}, {"model": "db.declaration", "pk": 8, "fields": {"scrape": 1, "member": 8, "body_received_by": 6, "declared_date": ["2017-04-24"], "source": "http://example.com/the/path/to/source", "fetched": "2020-05-15T11:51:21.303Z", "category": "positions", "description": "Example description of the declaration made", "donor": null, "interest_date": "2020-06-08", "notes": null}}, {"model": "db.declaration", "pk": 9, "fields": {"scrape": 1, "member": 7, "body_received_by": 6, "declared_date": ["2017-04-24"], "source": "http://example.com/the/path/to/source", "fetched": "2020-05-15T11:51:21.348Z", "category": "positions", "description": "Example description of the declaration made", "donor": null, "interest_date": "2020-06-08", "notes": null}}, {"model": "db.declaration", "pk": 10, "fields": {"scrape": 1, "member": 8, "body_received_by": 6, "declared_date": ["2017-04-24"], "source": "http://example.com/the/path/to/source", "fetched": "2020-05-15T11:51:21.386Z", "category": "positions", "description": "Example description of the declaration made", "donor": null, "interest_date": "2020-06-08", "notes": null}}, {"model": "db.declaration", "pk": 11, "fields": {"scrape": 1, "member": 7, "body_received_by": 6, "declared_date": ["2017-04-24"], "source": "http://example.com/the/path/to/source", "fetched": "2020-05-15T11:51:21.422Z", "category": "positions", "description": "Example description of the declaration made", "donor": null, "interest_date": "2020-06-08", "notes": null}}, {"model": "db.declaration", "pk": 12, "fields": {"scrape": 1, "member": 9, "body_received_by": 5, "declared_date": [null], "source": "http://example.com/the/path/to/source", "fetched": "2020-05-15T11:51:21.464Z", "category": "positions", "description": "Example description of the declaration made", "donor": null, "interest_date": "2020-06-08", "notes": null}}, {"model": "db.declaration", "pk": 13, "fields": {"scrape": 1, "member": 10, "body_received_by": 6, "declared_date": ["2017-07-17"], "source": "http://example.com/the/path/to/source", "fetched": "2020-05-15T11:51:21.510Z", "category": "positions", "description": "Example description of the declaration made", "donor": null, "interest_date": "2020-06-08", "notes": null}}, {"model": "db.declaration", "pk": 14, "fields": {"scrape": 2, "member": 11, "body_received_by": 7, "declared_date": ["2016-06-22"], "source": "http://example.com/the/path/to/source", "fetched": "2020-05-15T11:51:33.620Z", "category": "employment_and_earnings", "description": "Example description of the declaration made", "donor": null, "interest_date": null, "notes": null}}, {"model": "db.declaration", "pk": 15, "fields": {"scrape": 2, "member": 11, "body_received_by": 7, "declared_date": ["2016-06-22"], "source": "http://example.com/the/path/to/source", "fetched": "2020-05-15T11:51:41.516Z", "category": "donations_sponsorship", "description": "Example description of the declaration made", "donor": "Example donor", "interest_date": null, "notes": null}}, {"model": "db.declaration", "pk": 16, "fields": {"scrape": 2, "member": 11, "body_received_by": 7, "declared_date": ["2016-06-22"], "source": "http://example.com/the/path/to/source", "fetched": "2020-05-15T11:51:47.130Z", "category": "contracts", "description": "Example description of the declaration made", "donor": "Example donor", "interest_date": null, "notes": null}}, {"model": "db.declaration", "pk": 17, "fields": {"scrape": 2, "member": 11, "body_received_by": 7, "declared_date": ["2016-06-22"], "source": "http://example.com/the/path/to/source", "fetched": "2020-05-15T11:51:47.216Z", "category": "land_and_property", "description": "Example description of the declaration made", "donor": "Example donor", "interest_date": null, "notes": null}}, {"model": "db.declaration", "pk": 18, "fields": {"scrape": 2, "member": 11, "body_received_by": 7, "declared_date": ["2016-06-22"], "source": "http://example.com/the/path/to/source", "fetched": "2020-05-15T11:51:47.252Z", "category": "contracts", "description": "Example description of the declaration made", "donor": "Example donor", "interest_date": null, "notes": null}}, {"model": "db.declaration", "pk": 19, "fields": {"scrape": 2, "member": 11, "body_received_by": 7, "declared_date": ["2016-06-22"], "source": "http://example.com/the/path/to/source", "fetched": "2020-05-15T11:51:49.027Z", "category": "contracts", "description": "Example description of the declaration made", "donor": "Example donor", "interest_date": null, "notes": null}}, {"model": "db.declaration", "pk": 20, "fields": {"scrape": 2, "member": 11, "body_received_by": 7, "declared_date": ["2016-06-22"], "source": "http://example.com/the/path/to/source", "fetched": "2020-05-15T11:51:49.474Z", "category": "securities_and_shareholdings", "description": "Example description of the declaration made", "donor": "Example donor", "interest_date": null, "notes": null}}, {"model": "db.declaration", "pk": 21, "fields": {"scrape": 2, "member": 11, "body_received_by": 7, "declared_date": ["2016-06-22"], "source": "http://example.com/the/path/to/source", "fetched": "2020-05-15T11:51:49.512Z", "category": "positions", "description": "Example description of the declaration made", "donor": "Example donor", "interest_date": null, "notes": null}}, {"model": "db.declaration", "pk": 22, "fields": {"scrape": 2, "member": 11, "body_received_by": 7, "declared_date": ["2016-06-22"], "source": "http://example.com/the/path/to/source", "fetched": "2020-05-15T11:51:50.992Z", "category": "positions", "description": "Example description of the declaration made", "donor": "Example donor", "interest_date": null, "notes": null}}, {"model": "db.declaration", "pk": 23, "fields": {"scrape": 2, "member": 11, "body_received_by": 7, "declared_date": ["2016-06-22"], "source": "http://example.com/the/path/to/source", "fetched": "2020-05-15T11:51:52.061Z", "category": "positions", "description": "Example description of the declaration made", "donor": "Example donor", "interest_date": null, "notes": null}}, {"model": "db.declaration", "pk": 24, "fields": {"scrape": 2, "member": 11, "body_received_by": 7, "declared_date": ["2016-06-22"], "source": "http://example.com/the/path/to/source", "fetched": "2020-05-15T11:51:52.096Z", "category": "positions", "description": "Example description of the declaration made", "donor": "Example donor", "interest_date": null, "notes": null}}, {"model": "db.declaration", "pk": 25, "fields": {"scrape": 2, "member": 11, "body_received_by": 7, "declared_date": ["2016-06-22"], "source": "http://example.com/the/path/to/source", "fetched": "2020-05-15T11:51:52.137Z", "category": "positions", "description": "Example description of the declaration made", "donor": "Example donor", "interest_date": null, "notes": null}}, {"model": "db.declaration", "pk": 26, "fields": {"scrape": 2, "member": 11, "body_received_by": 7, "declared_date": ["2016-06-22"], "source": "http://example.com/the/path/to/source", "fetched": "2020-05-15T11:51:53.056Z", "category": "gifts", "description": "Example description of the declaration made", "donor": "Example donor", "interest_date": null, "notes": null}}, {"model": "db.declaration", "pk": 27, "fields": {"scrape": 2, "member": 12, "body_received_by": 7, "declared_date": ["2019-02-08"], "source": "http://example.com/the/path/to/source", "fetched": "2020-05-15T11:51:53.143Z", "category": "employment_and_earnings", "description": "Example description of the declaration made", "donor": "Example donor", "interest_date": null, "notes": null}}, {"model": "db.declaration", "pk": 28, "fields": {"scrape": 2, "member": 12, "body_received_by": 7, "declared_date": ["2019-02-08"], "source": "http://example.com/the/path/to/source", "fetched": "2020-05-15T11:51:54.153Z", "category": "donations_sponsorship", "description": "Example description of the declaration made", "donor": "Example donor", "interest_date": null, "notes": null}}, {"model": "db.declaration", "pk": 29, "fields": {"scrape": 2, "member": 12, "body_received_by": 7, "declared_date": ["2019-02-08"], "source": "http://example.com/the/path/to/source", "fetched": "2020-05-15T11:51:54.986Z", "category": "contracts", "description": "Example description of the declaration made", "donor": "Example donor", "interest_date": null, "notes": null}}, {"model": "db.declaration", "pk": 30, "fields": {"scrape": 2, "member": 12, "body_received_by": 7, "declared_date": ["2019-02-08"], "source": "http://example.com/the/path/to/source", "fetched": "2020-05-15T11:51:55.449Z", "category": "land_and_property", "description": "Example description of the declaration made", "donor": "Example donor", "interest_date": null, "notes": null}}]